"Component","Status","Details"
"Required Files","OK","Checked 13 files"
"Required Directories","OK","Checked 19 directories"
"R Packages","OK","Checked 24 packages"
"Data File","OK","Rows: 4516 Cols: 13"
"NF Residuals","Missing/Empty","0 files"
"Output Files","OK","Checked 4 output directories"
"CLI Parser","OK","Engine selection working"
"Engine Selector","OK","Engine functions loaded"
"Manual GARCH","OK","Manual GARCH functions loaded"
"Dual Split Analysis","OK","Dual split functions working"
"Engine Configuration","OK","Engine configuration loaded"
"Data Processing","OK","Return calculation working"
